{"cameraMode":{"drawMode":0,"name":"Shaded","section":"Shading Mode"},"sceneLighting":false,"audioPlay":false,"sceneViewState":{"m_AlwaysRefresh":false,"showFog":true,"showSkybox":false,"showFlares":true,"showImageEffects":true,"showParticleSystems":true,"showVisualEffectGraphs":true,"m_FxEnabled":true},"in2DMode":false,"pivot":{"x":-0.20786279439926148,"y":0.36321115493774416,"z":-0.7187582850456238},"rotation":{"x":-0.011674492619931698,"y":0.9643092155456543,"z":-0.2609819769859314,"w":-0.04313244670629501},"size":1.1869505643844605,"orthographic":false}