{"cameraMode":{"drawMode":0,"name":"Shaded","section":"Shading Mode"},"sceneLighting":false,"audioPlay":false,"sceneViewState":{"m_AlwaysRefresh":false,"showFog":true,"showSkybox":false,"showFlares":true,"showImageEffects":true,"showParticleSystems":true,"showVisualEffectGraphs":true,"m_FxEnabled":true},"in2DMode":false,"pivot":{"x":-0.28634756803512576,"y":0.8513973355293274,"z":-0.1920839548110962},"rotation":{"x":-0.04202062264084816,"y":0.9424598217010498,"z":-0.1297483593225479,"w":-0.30522435903549197},"size":0.7154924869537354,"orthographic":false}